"Date","Price","Open","High","Low","Vol.","Change %"
"12/03/2024","274.15","276.33","276.46","273.93","62.31M","-0.62%"
"12/02/2024","275.87","278.66","278.66","274.71","60.70M","-1.45%"
"11/29/2024","279.92","281.29","282.68","279.77","50.27M","-0.52%"
"11/27/2024","281.37","281.22","283.24","281.20","52.31M","0.63%"
"11/26/2024","279.61","278.20","280.05","276.76","57.37M","0.52%"
"11/25/2024","278.15","276.13","279.15","276.06","119.85M","1.26%"
"11/22/2024","274.70","274.16","275.16","273.50","48.07M","0.68%"
"11/21/2024","272.85","270.68","273.84","270.17","47.20M","0.66%"
"11/20/2024","271.06","270.44","271.60","269.36","54.23M","-0.35%"
"11/19/2024","272.01","269.81","272.68","268.75","55.08M","0.54%"
"11/18/2024","270.54","266.95","270.61","266.91","54.56M","0.74%"
"11/15/2024","268.54","266.90","268.78","265.89","86.83M","0.38%"
"11/14/2024","267.53","269.44","269.44","267.24","68.09M","-0.87%"
"11/13/2024","269.87","270.05","271.88","269.36","63.57M","0.71%"
"11/12/2024","267.96","270.81","271.75","267.89","62.56M","-1.30%"
"11/11/2024","271.49","273.14","274.66","271.26","64.56M","-0.79%"
"11/08/2024","273.66","270.86","274.58","270.49","64.67M","1.62%"
"11/07/2024","269.30","267.02","270.02","266.74","83.01M","1.13%"
"11/06/2024","266.28","270.63","270.63","263.16","130.77M","-2.65%"
"11/05/2024","273.52","268.71","273.52","267.83","53.49M","1.30%"
"11/04/2024","270.00","268.23","270.25","267.77","60.16M","1.12%"
"11/01/2024","267.02","271.16","272.11","266.91","66.45M","-1.13%"
"10/31/2024","270.07","271.81","274.48","270.07","94.57M","-1.79%"
"10/30/2024","274.98","274.61","276.91","274.25","73.48M","0.37%"
"10/29/2024","273.96","275.63","277.02","273.91","67.89M","-0.94%"
"10/28/2024","276.57","277.74","279.22","276.09","58.68M","0.33%"
"10/25/2024","275.66","280.16","281.66","275.51","61.04M","-0.80%"
"10/24/2024","277.89","278.02","279.57","277.43","56.50M","-0.10%"
"10/23/2024","278.18","274.79","278.65","274.79","61.12M","1.23%"
"10/22/2024","274.79","273.16","275.97","273.14","48.84M","0.21%"
"10/21/2024","274.21","278.79","279.48","273.93","52.38M","-2.09%"
"10/18/2024","280.05","278.74","280.08","277.76","50.83M","0.72%"
"10/17/2024","278.05","279.30","279.43","277.28","59.99M","-0.78%"
"10/16/2024","280.24","278.00","280.62","277.67","51.71M","1.07%"
"10/15/2024","277.26","275.67","279.58","275.45","70.23M","1.26%"
"10/14/2024","273.82","271.43","274.27","270.94","43.65M","0.68%"
"10/11/2024","271.97","270.73","271.97","270.01","43.33M","1.00%"
"10/10/2024","269.29","270.79","272.54","268.41","48.57M","-0.87%"
"10/09/2024","271.64","270.89","271.78","269.80","50.99M","0.01%"
"10/08/2024","271.62","272.29","272.74","270.43","51.38M","0.17%"
"10/07/2024","271.15","271.29","271.65","269.86","50.98M","-0.70%"
"10/04/2024","273.06","272.76","273.42","270.44","53.27M","-0.65%"
"10/03/2024","274.84","276.72","277.05","274.13","53.81M","-0.93%"
"10/02/2024","277.41","276.09","278.01","275.71","67.83M","-0.45%"
"10/01/2024","278.66","281.45","281.45","277.44","63.10M","-0.65%"
"09/30/2024","280.48","277.73","280.62","276.66","83.02M","0.76%"
"09/27/2024","278.36","279.56","280.47","277.92","64.37M","0.19%"
"09/26/2024","277.82","281.37","281.44","276.93","73.31M","-1.18%"
"09/25/2024","281.14","282.59","283.48","280.37","63.50M","-0.30%"
"09/24/2024","281.98","280.84","283.06","280.03","66.66M","-0.07%"
"09/23/2024","282.18","280.66","282.20","280.28","69.97M","1.19%"
"09/20/2024","278.86","277.44","279.04","277.09","158.24M","-0.07%"
"09/19/2024","279.06","282.11","282.11","277.51","86.21M","-0.40%"
"09/18/2024","280.18","281.63","283.99","279.91","67.04M","-0.42%"
"09/17/2024","281.35","283.38","284.26","280.60","63.84M","-0.78%"
"09/16/2024","283.56","283.86","284.60","282.55","59.46M","0.24%"
"09/13/2024","282.88","282.24","283.06","281.43","61.96M","0.56%"
"09/12/2024","281.31","280.79","281.53","278.24","69.98M","0.16%"
"09/11/2024","280.86","278.83","281.08","276.07","68.03M","-0.27%"
"09/10/2024","281.63","277.87","281.74","277.54","63.17M","1.85%"
"09/09/2024","276.52","273.59","277.12","273.06","71.09M","1.09%"
"09/06/2024","273.53","273.47","273.71","271.00","71.73M","0.02%"
"09/05/2024","273.47","275.97","276.56","272.84","58.17M","-0.38%"
"09/04/2024","274.51","274.02","277.09","272.85","62.40M","0.24%"
"09/03/2024","273.85","271.21","274.96","271.21","67.00M","0.32%"
"08/30/2024","272.97","271.37","273.12","269.52","83.82M","1.02%"
"08/29/2024","270.22","271.22","271.22","268.93","53.94M","-0.43%"
"08/28/2024","271.40","272.37","273.13","269.91","51.02M","-0.35%"
"08/27/2024","272.34","269.91","272.62","269.69","51.92M","0.33%"
"08/26/2024","271.44","273.34","273.45","271.06","47.72M","-0.15%"
"08/23/2024","271.85","267.57","272.10","267.24","56.89M","1.95%"
"08/22/2024","266.66","265.42","266.71","264.69","57.08M","0.58%"
"08/21/2024","265.12","264.27","265.45","262.97","48.40M","0.29%"
"08/20/2024","264.35","264.48","264.56","263.06","43.21M","0.10%"
"08/19/2024","264.09","262.52","264.44","262.39","43.16M","0.62%"
"08/16/2024","262.45","262.26","263.39","261.17","56.75M","-0.05%"
"08/15/2024","262.59","263.75","263.88","261.59","61.26M","-0.41%"
"08/14/2024","263.66","262.89","264.81","262.26","49.68M","0.40%"
"08/13/2024","262.62","262.57","262.95","261.21","54.31M","0.64%"
"08/12/2024","260.96","261.23","261.29","259.04","50.82M","-0.58%"
"08/09/2024","262.47","261.57","263.06","259.59","53.76M","0.51%"
"08/08/2024","261.14","258.51","261.30","257.75","60.28M","0.87%"
"08/07/2024","258.88","261.33","264.95","258.70","81.21M","-0.81%"
"08/06/2024","260.99","255.00","263.30","254.80","83.30M","2.36%"
"08/05/2024","254.98","257.66","262.75","254.73","102.95M","-2.92%"
"08/02/2024","262.66","262.36","265.15","260.39","100.84M","0.23%"
"08/01/2024","262.05","259.82","262.42","259.35","92.60M","1.73%"
"07/31/2024","257.59","258.47","260.64","256.96","109.92M","-0.32%"
"07/30/2024","258.41","257.43","258.93","256.66","75.01M","0.78%"
"07/29/2024","256.41","254.68","257.31","253.04","57.22M","0.65%"
"07/26/2024","254.76","251.77","255.58","251.22","64.16M","1.66%"
"07/25/2024","250.61","254.04","256.44","249.98","73.19M","-0.95%"
"07/24/2024","253.02","256.74","257.87","252.76","65.99M","-1.46%"
"07/23/2024","256.76","256.73","258.56","255.75","56.34M","-0.17%"
"07/22/2024","257.19","255.13","257.54","253.91","50.87M","0.96%"
"07/19/2024","254.74","255.97","255.97","253.80","52.14M","-0.11%"
"07/18/2024","255.03","255.89","259.96","254.53","61.92M","-0.81%"
"07/17/2024","257.12","255.47","258.65","255.32","65.96M","0.88%"
"07/16/2024","254.87","253.65","254.93","252.12","64.86M","1.01%"
"07/15/2024","252.32","251.71","252.71","250.47","65.41M","0.38%"
"07/12/2024","251.36","251.39","253.00","250.56","71.86M","0.65%"
"07/11/2024","249.73","246.85","250.77","246.85","82.44M","2.58%"
"07/10/2024","243.46","242.81","243.48","240.95","55.02M","0.72%"
"07/09/2024","241.71","241.26","242.47","239.18","53.32M","0.10%"
"07/08/2024","241.46","241.15","241.99","240.50","52.38M","0.17%"
"07/05/2024","241.06","240.60","241.26","239.27","50.60M","0.38%"
"07/03/2024","240.15","240.68","241.79","239.89","31.33M","-0.04%"
"07/02/2024","240.24","240.04","240.83","238.93","59.56M","0.38%"
"07/01/2024","239.34","240.70","241.67","237.85","54.26M","-0.94%"
"06/28/2024","241.61","241.01","242.44","239.77","118.27M","0.65%"
"06/27/2024","240.05","238.66","240.30","237.72","58.44M","0.91%"
"06/26/2024","237.89","236.44","238.67","236.42","63.66M","-0.09%"
"06/25/2024","238.10","241.41","241.41","237.21","53.66M","-1.45%"
"06/24/2024","241.60","239.98","244.12","239.57","59.89M","0.76%"
"06/21/2024","239.77","239.60","240.07","238.03","152.95M","0.24%"
"06/20/2024","239.19","239.01","239.94","238.57","62.47M","-0.33%"
"06/18/2024","239.99","239.77","240.92","239.36","54.33M","0.36%"
"06/17/2024","239.12","238.68","240.52","237.72","52.91M","-0.72%"
"06/14/2024","240.86","239.87","241.30","238.66","51.02M","-0.04%"
"06/13/2024","240.96","240.09","241.64","239.02","55.90M","0.63%"
"06/12/2024","239.45","242.65","243.78","239.24","63.38M","0.62%"
"06/11/2024","237.97","237.78","239.20","237.49","67.52M","-0.29%"
"06/10/2024","238.66","236.73","239.71","235.71","65.99M","0.40%"
"06/07/2024","237.71","236.09","238.25","235.93","60.15M","-0.86%"
"06/06/2024","239.78","238.37","239.87","237.27","46.26M","0.26%"
"06/05/2024","239.16","239.53","239.53","238.03","47.25M","-0.15%"
"06/04/2024","239.52","236.80","240.50","236.80","67.35M","1.01%"
"06/03/2024","237.12","238.49","238.94","236.01","59.89M","-0.32%"
"05/31/2024","237.88","234.34","238.09","233.57","131.19M","1.98%"
"05/30/2024","233.25","230.87","233.25","230.85","69.15M","1.63%"
"05/29/2024","229.50","229.00","229.82","228.54","58.53M","-0.82%"
"05/28/2024","231.39","233.48","234.85","231.26","58.37M","-0.52%"
"05/24/2024","232.61","233.69","233.80","232.38","46.95M","0.01%"
"05/23/2024","232.59","237.26","237.35","232.55","54.49M","-2.17%"
"05/22/2024","237.76","239.29","240.22","237.07","50.03M","-0.91%"
"05/21/2024","239.94","239.39","240.34","238.94","45.30M","-0.03%"
"05/20/2024","240.02","241.08","242.10","239.98","46.38M","-0.70%"
"05/17/2024","241.70","242.16","242.28","240.79","59.53M","0.05%"
"05/16/2024","241.59","242.33","243.07","241.41","61.00M","-0.13%"
"05/15/2024","241.91","241.96","242.97","241.06","68.05M","1.65%"
"05/14/2024","237.98","237.15","239.02","236.80","54.80M","0.75%"
"05/13/2024","236.20","236.22","237.24","234.71","54.72M","0.44%"
"05/10/2024","235.16","236.41","236.62","234.49","59.58M","-0.45%"
"05/09/2024","236.23","233.86","236.43","233.56","75.47M","2.39%"
"05/08/2024","230.71","231.35","231.46","230.09","64.72M","-0.86%"
"05/07/2024","232.72","232.27","233.25","231.29","63.31M","1.08%"
"05/06/2024","230.23","231.80","231.94","229.10","62.65M","-0.02%"
"05/03/2024","230.28","232.44","233.65","229.66","82.74M","0.82%"
"05/02/2024","228.41","227.28","228.68","224.63","98.34M","1.48%"
"05/01/2024","225.07","224.56","228.94","224.14","86.59M","0.21%"
"04/30/2024","224.60","226.66","228.33","224.52","90.37M","-1.90%"
"04/29/2024","228.95","228.02","229.41","227.55","66.17M","1.14%"
"04/26/2024","226.36","226.62","228.63","226.26","63.73M","-0.04%"
"04/25/2024","226.46","225.68","226.92","224.01","63.46M","-0.49%"
"04/24/2024","227.58","226.06","228.09","224.79","64.79M","0.11%"
"04/23/2024","227.34","225.96","228.09","225.40","68.16M","0.93%"
"04/22/2024","225.25","224.21","225.78","222.96","65.54M","0.73%"
"04/19/2024","223.61","223.44","224.53","222.64","70.92M","0.43%"
"04/18/2024","222.65","223.21","223.70","221.47","64.81M","0.09%"
"04/17/2024","222.46","223.33","224.68","222.40","71.70M","-0.80%"
"04/16/2024","224.25","226.94","226.96","223.68","69.61M","-1.53%"
"04/15/2024","227.74","232.71","233.04","226.27","60.37M","-1.69%"
"04/12/2024","231.65","232.88","233.05","230.75","65.92M","-0.97%"
"04/11/2024","233.91","235.18","235.68","232.01","72.36M","-0.05%"
"04/10/2024","234.02","237.17","237.17","232.56","77.93M","-4.02%"
"04/09/2024","243.82","241.70","243.86","241.30","57.19M","1.33%"
"04/08/2024","240.62","239.13","240.87","238.86","59.06M","0.89%"
"04/05/2024","238.50","236.39","239.05","236.05","58.76M","0.54%"
"04/04/2024","237.22","241.39","242.23","236.58","57.41M","-0.76%"
"04/03/2024","239.04","238.73","239.51","237.68","56.13M","0.02%"
"04/02/2024","239.00","239.81","240.04","238.17","60.58M","-1.13%"
"04/01/2024","241.72","246.03","246.05","241.36","59.38M","-1.74%"
"03/28/2024","246.00","245.37","246.37","244.85","75.18M","0.71%"
"03/27/2024","244.26","240.26","244.28","240.15","73.39M","2.52%"
"03/26/2024","238.25","239.10","240.06","238.21","62.49M","-0.46%"
"03/25/2024","239.36","240.76","241.50","239.23","58.41M","-0.42%"
"03/22/2024","240.38","243.53","243.53","240.07","64.05M","-1.19%"
"03/21/2024","243.28","243.48","244.67","241.74","71.36M","0.32%"
"03/20/2024","242.50","239.52","243.10","238.94","60.90M","0.24%"
"03/19/2024","241.91","241.83","242.48","240.21","57.18M","0.08%"
"03/18/2024","241.72","241.94","243.09","241.38","63.12M","-0.05%"
"03/15/2024","241.85","240.54","242.73","240.49","130.46M","-0.42%"
"03/14/2024","242.86","245.53","245.90","240.76","81.49M","-1.70%"
"03/13/2024","247.05","248.22","249.63","246.33","64.96M","-0.68%"
"03/12/2024","248.75","248.69","249.88","246.77","58.67M","-0.42%"
"03/11/2024","249.79","250.27","251.90","248.60","57.30M","-0.52%"
"03/08/2024","251.09","249.90","251.64","249.71","66.38M","1.13%"
"03/07/2024","248.29","249.37","249.80","246.77","61.09M","0.03%"
"03/06/2024","248.22","248.34","248.86","246.98","64.80M","0.56%"
"03/05/2024","246.84","248.92","250.74","245.88","77.20M","-1.26%"
"03/04/2024","249.98","246.71","250.21","244.90","82.16M","1.15%"
"03/01/2024","247.13","243.50","247.25","241.28","80.42M","1.07%"
"02/29/2024","244.52","244.36","245.81","243.56","175.64M","0.85%"
"02/28/2024","242.46","238.40","243.56","238.18","78.60M","1.30%"
"02/27/2024","239.36","240.78","241.68","238.66","72.86M","-0.03%"
"02/26/2024","239.43","241.63","243.06","239.26","68.54M","-1.18%"
"02/23/2024","242.29","242.37","243.63","241.68","64.27M","0.05%"
"02/22/2024","242.16","242.37","243.11","241.22","80.92M","0.29%"
"02/21/2024","241.46","240.82","241.80","239.82","79.68M","0.66%"
"02/20/2024","239.88","238.98","241.04","238.04","80.08M","-0.11%"
"02/16/2024","240.14","239.09","241.31","238.53","79.27M","-0.95%"
"02/15/2024","242.44","239.31","242.70","239.16","68.77M","2.24%"
"02/14/2024","237.13","236.36","238.55","235.33","80.88M","0.66%"
"02/13/2024","235.58","234.45","235.68","232.40","88.14M","-1.80%"
"02/12/2024","239.90","241.56","242.32","239.45","59.26M","-0.44%"
"02/09/2024","240.95","239.86","241.23","238.22","73.38M","0.22%"
"02/08/2024","240.42","238.07","240.90","237.98","64.69M","0.68%"
"02/07/2024","238.79","239.62","240.26","237.55","68.05M","-0.11%"
"02/06/2024","239.05","235.73","239.43","235.31","70.42M","1.46%"
"02/05/2024","235.60","236.96","237.34","234.99","74.94M","-1.97%"
"02/02/2024","240.34","240.59","241.85","236.25","81.35M","-1.28%"
"02/01/2024","243.45","238.39","243.46","237.75","85.24M","1.82%"
"01/31/2024","239.10","241.79","243.69","238.40","115.16M","-0.66%"
"01/30/2024","240.70","241.86","242.77","240.19","75.68M","-0.89%"
"01/29/2024","242.86","241.17","243.19","240.73","65.48M","0.62%"
"01/26/2024","241.37","242.88","243.18","240.80","59.95M","-0.40%"
"01/25/2024","242.34","242.69","243.24","241.24","72.76M","1.33%"
"01/24/2024","239.17","244.73","245.09","238.98","71.69M","-1.43%"
"01/23/2024","242.63","245.16","245.50","241.79","71.37M","-0.53%"
"01/22/2024","243.93","244.05","246.62","243.12","106.13M","0.36%"
"01/19/2024","243.05","241.15","243.93","239.68","85.50M","0.96%"
"01/18/2024","240.73","242.58","243.41","239.25","80.71M","-0.68%"
"01/17/2024","242.38","243.78","247.07","239.92","75.91M","-1.93%"
"01/16/2024","247.15","247.73","248.78","246.42","80.67M","-0.58%"
"01/12/2024","248.60","249.23","249.87","247.31","65.08M","0.76%"
"01/11/2024","246.72","247.67","248.47","245.78","71.77M","-0.94%"
"01/10/2024","249.05","249.10","250.22","248.22","68.95M","0.19%"
"01/09/2024","248.57","248.26","249.77","247.20","61.97M","-0.77%"
"01/08/2024","250.50","246.40","250.67","246.38","67.38M","1.41%"
"01/05/2024","247.01","245.81","249.13","244.80","64.04M","-0.19%"
"01/04/2024","247.48","247.13","249.21","246.52","67.11M","-0.17%"
"01/03/2024","247.91","251.44","251.44","247.50","64.96M","-2.26%"
"01/02/2024","253.65","250.32","253.78","249.56","66.14M","1.07%"
"12/29/2023","250.96","252.31","253.25","250.78","76.93M","-1.20%"
"12/28/2023","254.01","252.14","254.02","251.93","45.67M","0.54%"
"12/27/2023","252.64","251.27","252.69","250.67","51.43M","0.46%"
"12/26/2023","251.49","249.41","252.08","249.38","42.50M","0.81%"
"12/22/2023","249.46","249.39","251.36","248.53","56.74M","0.31%"
"12/21/2023","248.68","248.54","249.22","246.03","68.98M","0.90%"
"12/20/2023","246.47","249.66","251.40","246.39","70.60M","-1.32%"
"12/19/2023","249.76","248.94","250.42","248.75","71.56M","0.79%"
"12/18/2023","247.80","249.85","249.96","247.62","80.42M","-0.42%"
"12/15/2023","248.84","250.56","251.06","246.58","175.58M","-1.30%"
"12/14/2023","252.12","250.43","253.74","250.43","135.61M","2.54%"
"12/13/2023","245.88","237.48","246.68","236.78","93.49M","3.63%"
"12/12/2023","237.27","237.18","237.95","235.88","72.97M","-0.09%"
"12/11/2023","237.48","235.97","237.81","235.63","69.81M","0.29%"
"12/08/2023","236.80","236.79","237.68","234.34","74.60M","-0.24%"
"12/07/2023","237.36","237.19","238.43","236.26","71.10M","0.11%"
"12/06/2023","237.09","239.21","240.33","236.98","82.09M","-0.36%"
"12/05/2023","237.94","238.11","238.26","236.53","79.21M","-0.40%"
"12/04/2023","238.89","236.50","238.96","235.92","78.53M","0.54%"
"12/01/2023","237.60","232.41","237.71","232.10","79.32M","2.06%"
"11/30/2023","232.81","230.47","232.93","229.78","121.94M","0.95%"
"11/29/2023","230.63","230.69","232.44","230.44","75.74M","0.75%"
"11/28/2023","228.91","226.77","229.14","225.97","64.46M","0.58%"
"11/27/2023","227.59","226.56","228.84","226.06","62.04M","0.43%"
"11/24/2023","226.62","225.38","226.62","224.25","22.14M","0.32%"
"11/22/2023","225.89","227.40","227.50","224.95","48.00M","0.35%"
"11/21/2023","225.11","225.48","226.02","224.53","56.90M","-0.51%"
"11/20/2023","226.27","224.10","226.31","222.39","66.07M","0.84%"
"11/17/2023","224.39","226.65","226.65","223.84","75.53M","-0.24%"
"11/16/2023","224.92","225.49","226.10","224.36","72.43M","0.05%"
"11/15/2023","224.80","224.05","226.69","224.05","77.18M","0.17%"
"11/14/2023","224.41","220.22","226.08","220.22","95.85M","5.29%"
"11/13/2023","213.13","213.30","213.88","211.75","62.07M","-0.81%"
"11/10/2023","214.88","214.31","215.21","212.24","66.07M","1.02%"
"11/09/2023","212.72","216.72","216.72","212.38","68.83M","-1.56%"
"11/08/2023","216.09","215.38","216.64","214.99","66.89M","0.67%"
"11/07/2023","214.65","217.07","217.07","214.49","69.31M","-0.95%"
"11/06/2023","216.71","219.11","219.52","215.55","73.41M","-1.46%"
"11/03/2023","219.92","218.68","223.22","218.68","83.98M","2.17%"
"11/02/2023","215.24","212.09","216.11","212.09","94.43M","3.22%"
"11/01/2023","208.53","207.84","208.65","206.25","89.52M","0.50%"
"10/31/2023","207.50","204.83","207.58","203.30","103.15M","1.95%"
"10/30/2023","203.53","204.09","205.30","200.70","124.22M","0.26%"
"10/27/2023","203.00","206.74","206.74","202.32","80.21M","-1.68%"
"10/26/2023","206.46","202.45","207.78","202.45","90.12M","2.26%"
"10/25/2023","201.89","204.45","205.00","201.47","66.55M","-1.99%"
"10/24/2023","205.99","204.17","206.54","204.17","69.05M","1.22%"
"10/23/2023","203.50","203.74","206.20","202.84","73.99M","-0.85%"
"10/20/2023","205.24","206.92","208.35","205.18","76.03M","-0.53%"
"10/19/2023","206.34","209.41","211.08","206.16","85.22M","-2.36%"
"10/18/2023","211.33","215.02","215.20","211.29","56.75M","-2.16%"
"10/17/2023","215.99","215.29","218.83","214.52","65.80M","-0.45%"
"10/16/2023","216.96","215.84","217.60","213.83","61.01M","0.99%"
"10/13/2023","214.84","216.00","216.28","213.88","54.49M","-0.01%"
"10/12/2023","214.87","217.02","217.05","213.75","53.53M","-1.25%"
"10/11/2023","217.59","214.55","217.64","214.55","63.73M","2.14%"
"10/10/2023","213.04","211.93","214.90","211.11","60.96M","0.28%"
"10/09/2023","212.44","208.48","212.98","208.48","54.39M","1.35%"
"10/06/2023","209.62","207.22","210.97","205.23","67.96M","0.29%"
"10/05/2023","209.02","207.89","209.29","206.69","67.28M","0.51%"
"10/04/2023","207.95","206.82","208.03","204.25","67.20M","1.15%"
"10/03/2023","205.59","208.59","209.20","205.06","74.50M","-1.92%"
"10/02/2023","209.61","212.91","213.83","208.30","73.70M","-1.79%"
"09/29/2023","213.43","216.02","216.52","212.22","81.63M","0.35%"
"09/28/2023","212.69","211.41","213.42","211.08","71.92M","0.89%"
"09/27/2023","210.81","213.72","214.55","209.90","77.37M","-0.87%"
"09/26/2023","212.67","214.39","215.55","212.00","65.25M","-1.76%"
"09/25/2023","216.48","215.81","216.60","214.85","57.01M","-0.18%"
"09/22/2023","216.87","218.84","219.93","216.62","67.24M","-0.76%"
"09/21/2023","218.52","225.13","225.13","218.48","69.21M","-3.47%"
"09/20/2023","226.37","227.57","228.97","226.25","50.49M","0.10%"
"09/19/2023","226.15","227.36","228.11","225.60","50.88M","-0.59%"
"09/18/2023","227.50","229.41","229.61","227.13","53.73M","-0.91%"
"09/15/2023","229.60","229.83","230.40","228.76","128.15M","-0.42%"
"09/14/2023","230.57","228.36","230.92","228.36","59.52M","1.82%"
"09/13/2023","226.44","228.31","228.32","225.85","58.83M","-0.86%"
"09/12/2023","228.41","227.55","228.69","226.34","50.53M","0.02%"
"09/11/2023","228.37","228.92","229.09","227.18","49.21M","0.02%"
"09/08/2023","228.32","230.11","230.25","227.79","53.82M","-0.63%"
"09/07/2023","229.76","227.43","230.75","227.39","60.11M","0.76%"
"09/06/2023","228.02","228.13","228.90","226.02","57.66M","-0.24%"
"09/05/2023","228.57","230.56","230.80","228.47","66.29M","-1.04%"
"09/01/2023","230.97","232.38","232.94","230.31","49.03M","-0.14%"
"08/31/2023","231.29","232.90","233.18","231.02","76.82M","-0.79%"
"08/30/2023","233.13","232.64","233.82","232.00","59.03M","0.40%"
"08/29/2023","232.21","229.64","232.33","228.76","59.49M","1.16%"
"08/28/2023","229.54","228.92","230.73","228.92","61.74M","0.68%"
"08/25/2023","228.00","227.70","229.04","226.78","58.70M","0.29%"
"08/24/2023","227.34","229.16","231.52","227.32","56.20M","-0.42%"
"08/23/2023","228.29","226.40","228.50","226.26","62.67M","1.42%"
"08/22/2023","225.09","225.20","225.89","224.21","54.92M","0.29%"
"08/21/2023","224.43","225.85","226.04","222.64","54.92M","-0.92%"
"08/18/2023","226.51","224.18","227.08","223.93","55.49M","0.27%"
"08/17/2023","225.89","227.76","229.50","225.86","58.33M","-0.72%"
"08/16/2023","227.52","230.49","230.70","227.30","58.28M","-1.23%"
"08/15/2023","230.36","230.64","231.91","229.91","53.50M","-1.02%"
"08/14/2023","232.74","233.27","233.75","232.04","55.75M","-0.60%"
"08/11/2023","234.15","232.61","234.44","232.30","51.14M","0.19%"
"08/10/2023","233.71","235.08","236.64","233.06","57.29M","-0.32%"
"08/09/2023","234.45","232.95","235.46","232.46","52.72M","0.27%"
"08/08/2023","233.81","233.00","234.43","231.59","52.38M","-0.51%"
"08/07/2023","235.00","232.83","235.13","232.60","52.32M","1.25%"
"08/04/2023","232.09","233.90","235.97","231.38","70.88M","-1.09%"
"08/03/2023","234.65","234.78","234.83","231.21","87.11M","-1.40%"
"08/02/2023","237.97","237.58","238.51","236.43","59.96M","-0.44%"
"08/01/2023","239.03","239.12","240.12","238.09","62.99M","-0.08%"
"07/31/2023","239.23","238.22","240.73","237.76","105.25M","0.61%"
"07/28/2023","237.78","241.41","242.18","237.47","68.03M","-0.31%"
"07/27/2023","238.52","244.94","245.69","238.52","72.72M","-1.90%"
"07/26/2023","243.15","241.55","243.72","241.55","62.86M","0.70%"
"07/25/2023","241.46","243.39","244.34","241.39","60.75M","-0.89%"
"07/24/2023","243.62","241.40","243.67","241.11","56.99M","1.09%"
"07/21/2023","240.99","240.34","241.84","239.92","74.10M","0.46%"
"07/20/2023","239.89","239.15","239.92","236.18","66.07M","-0.33%"
"07/19/2023","240.68","239.92","242.24","239.53","64.97M","1.16%"
"07/18/2023","237.91","240.13","240.32","235.84","68.31M","-0.92%"
"07/17/2023","240.11","242.11","242.53","239.99","57.75M","-0.99%"
"07/14/2023","242.52","241.48","242.74","240.79","52.26M","0.00%"
"07/13/2023","242.52","240.63","242.63","239.20","58.38M","0.65%"
"07/12/2023","240.96","242.66","243.24","240.88","68.07M","0.37%"
"07/11/2023","240.08","237.99","240.16","236.92","52.74M","1.22%"
"07/10/2023","237.18","235.58","237.42","235.34","54.82M","0.25%"
"07/07/2023","236.58","236.21","238.06","235.55","57.41M","-0.48%"
"07/06/2023","237.71","235.87","238.00","233.14","59.76M","-0.61%"
"07/05/2023","239.17","237.58","240.72","235.84","65.33M","0.44%"
"07/03/2023","238.13","234.93","239.21","234.72","31.82M","0.95%"
"06/30/2023","235.90","236.47","236.97","232.44","96.31M","0.58%"
"06/29/2023","234.54","231.04","234.55","230.74","61.75M","0.83%"
"06/28/2023","232.62","231.94","233.06","230.53","77.91M","0.24%"
"06/27/2023","232.07","230.59","232.61","229.20","70.33M","1.00%"
"06/26/2023","229.78","224.40","229.97","224.40","64.56M","2.31%"
"06/23/2023","224.60","226.54","228.17","224.57","112.15M","-1.16%"
"06/22/2023","227.23","230.90","230.90","225.76","61.45M","-1.47%"
"06/21/2023","230.61","230.50","231.47","228.96","63.10M","-0.58%"
"06/20/2023","231.95","233.81","233.84","230.55","67.66M","-1.21%"
"06/16/2023","234.78","235.12","236.96","234.46","128.99M","-0.09%"
"06/15/2023","234.98","233.09","235.44","231.57","63.91M","0.34%"
"06/14/2023","234.19","233.97","235.64","232.24","65.51M","0.36%"
"06/13/2023","233.34","231.35","233.60","230.97","67.86M","0.60%"
"06/12/2023","231.95","231.73","231.97","229.84","62.02M","0.05%"
"06/09/2023","231.83","233.47","233.69","230.68","56.53M","-0.60%"
"06/08/2023","233.23","233.18","233.60","230.60","56.58M","-0.59%"
"06/07/2023","234.62","231.47","235.21","230.14","62.06M","1.71%"
"06/06/2023","230.67","230.39","231.07","228.54","52.06M","0.62%"
"06/05/2023","229.24","230.33","231.63","228.86","47.52M","-0.49%"
"06/02/2023","230.37","228.26","231.19","227.21","68.13M","2.06%"
"06/01/2023","225.72","225.59","226.87","223.50","62.51M","0.03%"
"05/31/2023","225.65","224.55","226.00","222.94","167.82M","0.68%"
"05/30/2023","224.13","225.06","227.10","223.74","61.39M","0.30%"
"05/26/2023","223.45","221.43","223.90","220.49","53.55M","1.18%"
"05/25/2023","220.85","221.39","222.48","219.31","68.33M","0.27%"
"05/24/2023","220.26","224.57","224.61","219.98","56.90M","-2.22%"
"05/23/2023","225.25","227.50","229.36","225.06","55.53M","-1.24%"
"05/22/2023","228.08","226.95","229.54","225.71","52.37M","0.66%"
"05/19/2023","226.59","227.79","229.27","225.70","57.41M","-0.18%"
"05/18/2023","226.99","227.55","228.28","225.29","59.14M","-0.75%"
"05/17/2023","228.71","226.85","229.07","225.30","54.65M","1.26%"
"05/16/2023","225.86","231.78","231.78","225.84","67.78M","-2.66%"
"05/15/2023","232.04","233.04","233.48","231.33","50.32M","-0.28%"
"05/12/2023","232.70","232.76","233.05","230.84","50.36M","0.18%"
"05/11/2023","232.29","233.30","233.31","230.83","55.82M","-1.04%"
"05/10/2023","234.74","234.62","235.70","232.44","54.71M","0.99%"
"05/09/2023","232.43","231.89","233.34","230.04","55.99M","-0.42%"
"05/08/2023","233.42","233.98","235.33","232.62","48.34M","-0.65%"
"05/05/2023","234.95","232.79","235.38","232.48","54.86M","1.54%"
"05/04/2023","231.39","229.44","232.70","228.44","67.87M","0.96%"
"05/03/2023","229.18","231.58","233.30","228.96","72.44M","-0.57%"
"05/02/2023","230.50","233.99","234.54","229.25","65.05M","-1.74%"
"05/01/2023","234.57","236.16","237.18","234.27","58.76M","-0.94%"
"04/28/2023","236.79","234.09","237.44","233.63","67.46M","1.17%"
"04/27/2023","234.06","229.49","234.56","229.49","63.87M","2.25%"
"04/26/2023","228.90","230.35","232.54","228.37","58.01M","-0.82%"
"04/25/2023","230.80","232.05","232.70","230.73","55.85M","-0.92%"
"04/24/2023","232.94","234.09","234.55","231.21","49.12M","-0.29%"
"04/21/2023","233.61","233.79","234.52","231.63","51.50M","0.19%"
"04/20/2023","233.17","235.12","235.12","232.27","54.62M","-1.22%"
"04/19/2023","236.04","233.46","236.77","232.92","46.28M","0.55%"
"04/18/2023","234.74","234.75","235.29","233.43","53.39M","-0.14%"
"04/17/2023","235.08","230.41","235.08","230.19","60.41M","2.23%"
"04/14/2023","229.95","234.52","235.22","228.30","54.36M","-1.73%"
"04/13/2023","233.99","234.82","235.09","231.80","56.67M","-0.45%"
"04/12/2023","235.04","237.68","238.30","234.72","56.01M","-0.29%"
"04/11/2023","235.72","234.81","237.67","234.18","62.51M","0.45%"
"04/10/2023","234.66","232.09","234.67","231.03","53.91M","0.51%"
"04/06/2023","233.47","232.66","233.47","230.56","49.87M","0.70%"
"04/05/2023","231.85","232.82","234.30","231.72","63.35M","-0.51%"
"04/04/2023","233.03","233.17","233.97","231.53","69.90M","0.09%"
"04/03/2023","232.83","234.26","236.14","231.49","86.22M","-0.97%"
"03/31/2023","235.11","231.16","235.19","230.88","92.02M","2.17%"
"03/30/2023","230.12","229.83","230.71","229.17","56.83M","1.19%"
"03/29/2023","227.41","224.90","227.56","224.90","58.13M","2.34%"
"03/28/2023","222.21","221.25","223.24","220.62","48.91M","-0.23%"
"03/27/2023","222.73","225.04","225.57","222.55","63.65M","-0.39%"
"03/24/2023","223.61","216.86","223.63","216.42","71.92M","2.65%"
"03/23/2023","217.84","219.72","222.84","217.26","70.93M","-0.54%"
"03/22/2023","219.03","225.16","225.72","218.98","75.11M","-3.60%"
"03/21/2023","227.21","229.96","230.36","224.87","78.71M","-0.69%"
"03/20/2023","228.78","226.66","229.56","225.74","73.14M","1.06%"
"03/17/2023","226.38","231.02","231.02","226.29","146.68M","-2.27%"
"03/16/2023","231.63","229.70","232.69","227.63","91.53M","-0.06%"
"03/15/2023","231.77","229.41","232.60","228.49","88.09M","0.00%"
"03/14/2023","231.76","233.75","233.95","229.06","89.73M","0.84%"
"03/13/2023","229.83","225.13","233.19","224.78","90.19M","1.60%"
"03/10/2023","226.20","233.52","233.82","225.49","90.11M","-3.25%"
"03/09/2023","233.81","239.29","239.95","233.32","64.64M","-2.29%"
"03/08/2023","239.30","236.22","240.80","236.12","53.82M","1.32%"
"03/07/2023","236.18","242.21","242.21","235.97","60.64M","-2.51%"
"03/06/2023","242.25","243.99","244.35","241.79","51.08M","-0.40%"
"03/03/2023","243.23","240.76","243.69","240.60","62.71M","1.74%"
"03/02/2023","239.08","234.84","239.49","234.19","71.65M","1.22%"
"03/01/2023","236.20","238.10","238.65","234.73","73.55M","-1.49%"
"02/28/2023","239.77","239.88","242.79","239.31","99.96M","-0.04%"
"02/27/2023","239.86","242.13","243.43","238.72","60.45M","0.15%"
"02/24/2023","239.51","241.51","241.87","238.32","61.38M","-1.82%"
"02/23/2023","243.94","243.34","244.45","241.71","55.32M","0.98%"
"02/22/2023","241.57","244.35","244.69","240.60","62.16M","-1.02%"
"02/21/2023","244.05","246.89","247.17","242.83","59.68M","-1.96%"
"02/17/2023","248.92","249.37","249.53","246.48","70.44M","-0.45%"
"02/16/2023","250.05","248.80","252.16","246.67","69.74M","-0.93%"
"02/15/2023","252.40","249.79","252.41","249.57","58.23M","0.26%"
"02/14/2023","251.75","253.24","255.13","250.34","62.95M","-1.04%"
"02/13/2023","254.39","253.07","254.86","252.85","53.81M","0.82%"
"02/10/2023","252.33","250.34","252.85","249.14","56.61M","0.27%"
"02/09/2023","251.66","255.46","256.67","251.01","63.95M","-1.01%"
"02/08/2023","254.23","253.93","255.10","252.97","57.81M","-0.29%"
"02/07/2023","254.98","254.01","256.16","251.63","69.44M","-0.31%"
"02/06/2023","255.77","254.12","256.12","252.83","59.34M","-0.68%"
"02/03/2023","257.51","259.24","259.24","254.13","65.42M","-2.04%"
"02/02/2023","262.86","259.68","265.32","259.68","69.51M","2.23%"
"02/01/2023","257.12","253.97","258.70","251.55","66.94M","0.73%"
"01/31/2023","255.26","250.64","255.52","250.20","112.66M","1.88%"
"01/30/2023","250.56","252.03","254.58","250.44","54.11M","-1.24%"
"01/27/2023","253.70","251.04","254.72","250.70","58.19M","0.94%"
"01/26/2023","251.33","249.75","251.40","248.68","55.34M","1.10%"
"01/25/2023","248.60","247.07","248.85","246.21","59.76M","0.11%"
"01/24/2023","248.33","243.37","249.23","242.89","46.75M","0.40%"
"01/23/2023","247.33","246.47","248.86","244.92","52.34M","0.24%"
"01/20/2023","246.74","243.16","246.83","240.85","75.99M","1.20%"
"01/19/2023","243.82","243.95","246.84","243.68","62.66M","-0.45%"
"01/18/2023","244.92","249.36","250.24","244.63","65.82M","-1.56%"
"01/17/2023","248.80","249.14","250.27","248.20","73.01M","0.08%"
"01/13/2023","248.60","247.50","249.72","246.89","71.09M","-0.61%"
"01/12/2023","250.12","248.02","250.65","245.64","65.05M","1.09%"
"01/11/2023","247.43","241.11","247.49","241.11","71.86M","3.60%"
"01/10/2023","238.83","237.76","238.86","235.75","57.35M","0.34%"
"01/09/2023","238.01","238.65","240.86","237.42","68.87M","-0.05%"
"01/06/2023","238.14","232.58","238.99","231.68","60.23M","2.86%"
"01/05/2023","231.52","236.03","236.07","231.16","60.47M","-2.89%"
"01/04/2023","238.42","234.34","240.56","234.33","127.70M","2.29%"
"01/03/2023","233.09","234.59","236.12","230.29","68.04M","0.31%"
"12/30/2022","232.37","233.11","233.84","229.70","48.16M","-1.00%"
"12/29/2022","234.71","231.18","235.12","230.51","49.25M","2.16%"
"12/28/2022","229.75","234.23","235.12","229.51","48.96M","-1.59%"
"12/27/2022","233.47","233.59","234.19","231.39","44.88M","-0.14%"
"12/23/2022","233.80","230.56","233.85","230.10","38.27M","0.88%"
"12/22/2022","231.75","231.00","232.01","227.60","67.48M","-0.40%"
"12/21/2022","232.69","232.48","235.12","231.88","70.43M","0.92%"
"12/20/2022","230.58","229.45","231.94","227.94","60.65M","-0.27%"
"12/19/2022","231.20","233.05","233.57","229.72","61.36M","-1.12%"
"12/16/2022","233.82","236.87","237.01","231.53","161.97M","-2.96%"
"12/15/2022","240.96","240.95","243.23","239.70","74.35M","-1.28%"
"12/14/2022","244.09","245.89","249.02","243.15","81.72M","-1.01%"
"12/13/2022","246.59","248.85","249.95","243.80","83.31M","2.04%"
"12/12/2022","241.66","239.86","241.67","237.60","73.53M","0.90%"
"12/09/2022","239.51","239.56","242.09","239.01","58.65M","-0.20%"
"12/08/2022","240.00","238.89","241.83","238.51","71.40M","0.60%"
"12/07/2022","238.56","237.09","240.94","237.09","77.21M","0.26%"
"12/06/2022","237.95","240.29","240.53","236.86","70.36M","-0.79%"
"12/05/2022","239.84","241.35","242.91","239.33","68.74M","-1.72%"
"12/02/2022","244.03","242.33","245.14","241.18","57.31M","-0.42%"
"12/01/2022","245.05","247.92","249.12","243.20","65.16M","-0.31%"
"11/30/2022","245.82","239.17","245.82","238.06","131.99M","2.34%"
"11/29/2022","240.21","236.61","240.36","235.88","59.11M","1.71%"
"11/28/2022","236.18","241.46","242.58","235.63","69.69M","-2.80%"
"11/25/2022","242.98","242.42","243.10","241.89","24.27M","0.64%"
"11/23/2022","241.43","240.71","242.43","239.50","40.03M","0.15%"
"11/22/2022","241.07","240.61","241.16","239.31","56.12M","0.46%"
"11/21/2022","239.96","237.64","240.22","237.00","55.05M","0.72%"
"11/18/2022","238.25","238.31","239.06","235.92","68.61M","1.29%"
"11/17/2022","235.22","234.47","235.97","233.29","56.10M","-0.82%"
"11/16/2022","237.17","238.41","239.83","236.77","63.24M","-0.85%"
"11/15/2022","239.20","239.33","240.47","236.48","74.18M","1.24%"
"11/14/2022","236.28","241.27","241.33","236.26","65.96M","-2.65%"
"11/11/2022","242.70","243.59","245.47","242.13","71.10M","-0.11%"
"11/10/2022","242.96","232.91","243.42","232.91","92.80M","7.74%"
"11/09/2022","225.50","227.87","230.08","225.17","68.57M","-1.09%"
"11/08/2022","227.98","227.13","230.35","226.68","73.77M","0.65%"
"11/07/2022","226.51","228.26","228.83","225.31","71.51M","-0.07%"
"11/04/2022","226.67","224.93","227.78","222.30","91.26M","1.29%"
"11/03/2022","223.78","222.46","225.47","219.70","78.32M","0.01%"
"11/02/2022","223.75","228.81","231.49","223.45","97.94M","-2.62%"
"11/01/2022","229.76","232.86","233.62","229.18","77.30M","-0.21%"
"10/31/2022","230.25","228.46","231.68","228.06","86.64M","-0.23%"
"10/28/2022","230.77","224.38","231.42","223.69","68.42M","2.40%"
"10/27/2022","225.37","226.25","228.03","224.53","82.53M","0.00%"
"10/26/2022","225.38","225.94","227.42","224.02","84.53M","-0.15%"
"10/25/2022","225.72","218.47","226.03","218.38","101.01M","3.94%"
"10/24/2022","217.17","219.20","220.03","215.51","71.27M","-0.09%"
"10/21/2022","217.36","216.22","217.37","212.94","82.19M","0.68%"
"10/20/2022","215.89","216.64","219.02","215.19","69.24M","-0.41%"
"10/19/2022","216.78","219.47","221.02","215.68","68.66M","-2.56%"
"10/18/2022","222.47","223.71","225.35","220.48","78.07M","1.27%"
"10/17/2022","219.68","215.75","220.36","215.24","79.25M","3.89%"
"10/14/2022","211.45","219.72","220.11","211.30","78.83M","-2.59%"
"10/13/2022","217.08","208.81","218.13","207.86","93.51M","1.84%"
"10/12/2022","213.16","215.30","215.46","212.18","68.96M","-1.39%"
"10/11/2022","216.16","214.23","217.73","211.38","83.01M","1.02%"
"10/10/2022","213.98","217.68","218.69","213.71","69.94M","-1.19%"
"10/07/2022","216.56","219.79","220.71","215.27","80.81M","-2.49%"
"10/06/2022","222.09","229.20","229.41","221.68","72.57M","-3.20%"
"10/05/2022","229.43","230.54","231.01","225.96","71.20M","-1.90%"
"10/04/2022","233.88","231.86","235.80","231.86","87.27M","1.62%"
"10/03/2022","230.15","229.39","231.54","225.91","84.44M","1.86%"
"09/30/2022","225.94","225.91","227.58","224.29","157.53M","0.99%"
"09/29/2022","223.72","228.06","228.06","222.41","96.35M","-2.87%"
"09/28/2022","230.34","228.18","231.23","225.87","110.68M","1.88%"
"09/27/2022","226.10","231.51","232.76","225.62","85.67M","-1.28%"
"09/26/2022","229.04","233.63","233.63","226.59","90.03M","-2.63%"
"09/23/2022","235.22","235.85","237.14","232.64","84.87M","-1.30%"
"09/22/2022","238.32","239.50","239.86","237.45","78.75M","-0.94%"
"09/21/2022","240.59","246.19","247.73","240.59","73.34M","-1.57%"
"09/20/2022","244.43","248.44","248.44","243.24","79.48M","-2.57%"
"09/19/2022","250.88","249.04","250.92","247.01","76.40M","-0.21%"
"09/16/2022","251.42","250.82","251.55","248.46","140.64M","0.03%"
"09/15/2022","251.34","256.85","257.09","251.12","64.14M","-2.24%"
"09/14/2022","257.10","258.31","259.19","255.23","77.10M","-1.39%"
"09/13/2022","260.72","265.92","266.54","259.93","63.46M","-3.84%"
"09/12/2022","271.13","269.68","271.58","269.53","50.62M","0.86%"
"09/09/2022","268.83","267.03","269.88","265.92","62.85M","1.14%"
"09/07/2022","265.79","261.49","266.19","260.84","53.99M","1.92%"
"09/06/2022","260.78","259.30","262.01","258.05","56.21M","1.01%"
"09/02/2022","258.16","265.22","265.28","257.58","54.78M","-1.68%"
"09/01/2022","262.56","260.28","262.60","257.92","61.96M","0.35%"
"08/31/2022","261.64","264.28","265.47","261.13","77.12M","-0.35%"
"08/30/2022","262.55","266.88","267.41","261.88","46.82M","-1.45%"
"08/29/2022","266.42","266.87","269.15","265.86","52.16M","-0.87%"
"08/26/2022","268.76","275.56","275.56","268.70","48.45M","-2.54%"
"08/25/2022","275.76","273.05","275.79","271.84","45.80M","1.56%"
"08/24/2022","271.53","270.16","273.10","270.08","50.92M","0.71%"
"08/23/2022","269.61","272.97","273.04","268.58","53.33M","-1.45%"
"08/22/2022","273.59","277.12","277.29","273.47","50.77M","-2.10%"
"08/19/2022","279.45","281.37","281.79","278.66","66.61M","-0.96%"
"08/18/2022","282.17","284.76","284.94","280.76","45.77M","-0.75%"
"08/17/2022","284.29","282.72","285.89","282.28","47.81M","-0.29%"
"08/16/2022","285.13","284.73","286.64","284.29","54.43M","-0.42%"
"08/15/2022","286.33","284.94","287.00","284.07","45.88M","0.48%"
"08/12/2022","284.97","282.01","285.14","281.70","47.43M","1.72%"
"08/11/2022","280.16","282.52","283.54","279.38","51.85M","-0.55%"
"08/10/2022","281.71","281.14","282.05","279.30","57.52M","1.44%"
"08/09/2022","277.71","275.94","277.73","275.34","59.87M","0.74%"
"08/08/2022","275.68","276.55","278.26","274.32","50.41M","0.71%"
"08/05/2022","273.75","270.71","273.85","269.85","52.52M","0.32%"
"08/04/2022","272.89","273.01","273.87","271.19","61.84M","0.12%"
"08/03/2022","272.55","273.01","275.11","272.50","70.41M","0.41%"
"08/02/2022","271.44","274.91","275.87","271.26","71.42M","-1.30%"
"08/01/2022","275.02","276.41","276.85","274.07","57.46M","-0.89%"
"07/29/2022","277.49","276.45","278.78","275.40","99.27M","0.30%"
"07/28/2022","276.66","269.10","276.89","269.10","67.87M","3.70%"
"07/27/2022","266.79","265.63","267.25","263.71","58.87M","0.55%"
"07/26/2022","265.34","264.84","266.97","264.34","55.77M","0.20%"
"07/25/2022","264.80","264.73","266.30","263.41","53.21M","0.07%"
"07/22/2022","264.62","264.20","266.01","262.59","48.07M","0.79%"
"07/21/2022","262.55","259.71","262.55","258.21","52.35M","1.01%"
"07/20/2022","259.92","261.47","263.52","259.05","56.64M","-0.53%"
"07/19/2022","261.31","256.72","261.42","256.24","62.56M","2.84%"
"07/18/2022","254.10","258.38","258.44","253.29","54.61M","-1.08%"
"07/15/2022","256.87","255.91","258.21","254.52","74.15M","1.70%"
"07/14/2022","252.58","250.72","253.74","250.72","69.19M","-1.00%"
"07/13/2022","255.13","253.34","257.13","252.09","51.68M","-0.55%"
"07/12/2022","256.53","256.59","259.29","254.78","51.90M","-0.59%"
"07/11/2022","258.04","257.25","258.87","255.66","43.94M","0.01%"
"07/08/2022","258.02","258.66","259.83","256.87","47.26M","-0.55%"
"07/07/2022","259.45","260.34","262.03","258.48","54.59M","0.07%"
"07/06/2022","259.28","260.49","262.52","258.61","57.55M","0.01%"
"07/05/2022","259.25","257.95","259.25","253.15","61.81M","-0.49%"
"07/01/2022","260.53","255.21","261.07","255.21","56.71M","1.86%"
"06/30/2022","255.77","254.35","258.93","252.60","84.41M","0.03%"
"06/29/2022","255.69","255.31","256.22","252.28","66.93M","-0.76%"
"06/28/2022","257.65","262.88","264.35","257.19","63.14M","-1.39%"
"06/27/2022","261.28","261.49","264.38","260.05","73.11M","-0.26%"
"06/24/2022","261.97","257.88","262.23","257.72","109.05M","2.06%"
"06/23/2022","256.67","252.80","257.36","252.80","79.64M","2.01%"
"06/22/2022","251.62","245.21","255.09","245.21","96.90M","1.55%"
"06/21/2022","247.79","245.78","249.76","245.54","96.83M","1.88%"
"06/17/2022","243.21","242.60","246.64","241.25","211.75M","0.64%"
"06/16/2022","241.66","242.27","244.57","240.64","99.37M","-2.55%"
"06/15/2022","247.99","244.59","251.27","244.09","107.01M","2.33%"
"06/14/2022","242.34","244.56","245.54","240.77","89.63M","-1.01%"
"06/13/2022","244.81","250.61","251.30","243.76","114.05M","-4.78%"
"06/10/2022","257.10","259.86","260.35","257.04","84.81M","-2.40%"
"06/09/2022","263.42","268.16","270.62","263.39","65.26M","-2.29%"
"06/08/2022","269.59","274.23","274.91","268.93","60.92M","-2.43%"
"06/07/2022","276.31","272.03","276.47","269.97","56.39M","1.15%"
"06/06/2022","273.16","276.04","276.11","272.44","56.41M","-0.29%"
"06/03/2022","273.96","275.38","276.86","273.44","54.38M","-1.24%"
"06/02/2022","277.41","271.47","277.55","268.13","55.12M","1.47%"
"06/01/2022","273.40","276.98","277.02","270.49","60.82M","-1.10%"
"05/31/2022","276.44","277.54","278.31","274.86","127.59M","-1.34%"
"05/27/2022","280.20","273.91","280.24","273.88","56.94M","2.82%"
"05/26/2022","272.51","274.26","275.69","271.96","61.40M","-0.10%"
"05/25/2022","272.78","270.15","273.63","269.54","67.36M","0.56%"
"05/24/2022","271.25","267.48","271.56","263.44","70.59M","1.21%"
"05/23/2022","268.02","267.39","268.75","263.34","65.34M","1.22%"
"05/20/2022","264.80","264.49","265.23","260.72","81.68M","1.19%"
"05/19/2022","261.69","260.66","264.59","260.48","70.59M","-0.20%"
"05/18/2022","262.22","269.46","269.92","261.41","61.55M","-2.95%"
"05/17/2022","270.18","270.01","270.21","266.60","62.93M","1.05%"
"05/16/2022","267.38","269.27","269.82","267.11","53.30M","-0.80%"
"05/13/2022","269.54","264.88","269.63","263.60","65.38M","2.55%"
"05/12/2022","262.83","261.09","262.86","258.86","80.06M","0.74%"
"05/11/2022","260.89","262.52","266.83","260.66","82.46M","-0.16%"
"05/10/2022","261.32","271.32","272.04","259.87","99.53M","-2.28%"
"05/09/2022","267.43","277.13","277.21","266.47","76.53M","-4.62%"
"05/06/2022","280.38","281.08","281.89","277.38","68.57M","-1.02%"
"05/05/2022","283.27","290.51","291.33","281.38","70.81M","-2.53%"
"05/04/2022","290.63","287.60","291.09","282.74","64.76M","-0.26%"
"04/29/2022","291.38","303.99","304.17","291.06","87.63M","-4.90%"
"04/28/2022","306.38","302.69","307.25","299.07","54.76M","1.85%"
"04/27/2022","300.82","303.08","305.57","300.65","61.27M","-0.66%"
"04/26/2022","302.81","307.32","308.80","302.73","54.35M","-1.96%"
"04/22/2022","308.86","314.09","314.09","308.83","54.00M","-1.77%"
"04/21/2022","314.44","318.02","318.72","314.37","56.27M","-0.63%"
"04/20/2022","316.44","311.63","317.40","311.63","56.26M","1.85%"
"04/19/2022","310.69","305.97","311.52","305.97","54.52M","2.12%"
"04/18/2022","304.24","304.85","306.37","302.78","39.48M","-0.28%"
"04/14/2022","305.08","307.74","308.79","305.00","46.17M","-0.58%"
"04/13/2022","306.87","306.13","307.14","304.34","45.70M","0.41%"
"04/12/2022","305.61","305.75","308.19","304.37","47.74M","-0.35%"
"04/11/2022","306.67","310.96","311.59","305.97","47.58M","-1.35%"
"04/08/2022","310.87","310.03","311.95","308.53","43.72M","0.33%"
"04/07/2022","309.84","310.20","311.16","307.81","57.52M","-0.86%"
"04/06/2022","312.53","306.66","312.81","305.26","51.94M","1.55%"
"04/05/2022","307.76","307.03","311.86","306.99","46.96M","0.06%"
"04/04/2022","307.57","308.93","309.39","304.97","45.26M","-0.31%"
"04/01/2022","308.54","303.31","308.69","302.48","49.54M","2.02%"
"03/31/2022","302.42","306.81","308.15","302.42","74.79M","-1.18%"
"03/30/2022","306.02","306.06","306.78","304.34","50.62M","-0.57%"
"03/29/2022","307.76","302.49","308.29","301.81","64.62M","2.85%"
"03/28/2022","299.24","296.09","299.30","295.66","50.15M","1.28%"
"03/25/2022","295.45","293.01","295.51","292.14","46.84M","1.23%"
"03/24/2022","291.85","289.93","291.89","289.04","48.35M","0.64%"
"03/23/2022","290.00","292.44","293.00","289.44","50.24M","-1.03%"
"03/22/2022","293.03","294.27","295.00","292.66","59.21M","0.05%"
"03/21/2022","292.87","294.55","295.91","291.49","45.39M","-0.52%"
"03/18/2022","294.41","294.93","295.64","292.60","100.88M","0.21%"
"03/17/2022","293.79","288.49","293.79","288.49","49.79M","1.36%"
"03/16/2022","289.84","288.89","291.02","283.94","63.63M","1.13%"
"03/15/2022","286.60","287.06","288.67","284.08","56.09M","0.70%"
"03/14/2022","284.60","287.80","288.53","283.39","57.05M","-0.73%"
"03/11/2022","286.69","291.43","292.74","286.57","51.64M","-0.93%"
"03/10/2022","289.38","285.49","289.91","284.19","52.91M","0.36%"
"03/09/2022","288.35","288.25","291.26","287.96","54.62M","1.47%"
"03/08/2022","284.16","285.75","289.48","283.86","69.24M","-0.88%"
"03/07/2022","286.69","291.14","292.08","286.67","62.79M","-1.80%"
"03/04/2022","291.94","287.49","291.99","286.87","63.47M","0.82%"
"03/03/2022","289.56","288.32","290.56","285.73","62.35M","1.10%"
"03/02/2022","286.42","282.34","287.38","282.34","71.67M","1.83%"
"03/01/2022","281.27","283.25","284.84","279.86","73.42M","-0.23%"
"02/28/2022","281.91","283.62","284.78","279.14","128.54M","-1.77%"
"02/25/2022","287.00","281.17","287.17","279.84","65.27M","2.49%"
"02/24/2022","280.03","271.84","280.77","269.62","80.97M","1.78%"
"02/23/2022","275.12","281.71","282.95","274.96","63.24M","-1.32%"
"02/22/2022","278.80","279.43","280.74","277.25","69.61M","-0.24%"
"02/18/2022","279.47","279.92","282.76","278.87","74.81M","-0.46%"
"02/17/2022","280.76","283.36","283.62","280.23","65.69M","-0.97%"
"02/16/2022","283.50","283.38","284.33","280.67","64.40M","0.25%"
"02/15/2022","282.80","284.50","285.21","281.97","63.06M","0.39%"
"02/14/2022","281.69","284.87","286.14","280.37","60.05M","-1.02%"
"02/11/2022","284.60","289.55","290.22","282.96","72.46M","-1.34%"
"02/10/2022","288.48","293.38","295.70","286.93","62.93M","-2.86%"
"02/09/2022","296.98","293.86","297.12","293.86","59.01M","2.38%"
"02/08/2022","290.08","291.98","292.67","289.60","59.67M","-0.80%"
"02/07/2022","292.42","293.07","294.53","291.84","55.79M","-0.09%"
"02/04/2022","292.68","294.54","296.35","290.45","50.45M","-1.26%"
"02/03/2022","296.42","298.05","298.98","296.30","48.88M","-1.10%"
"02/02/2022","299.72","296.13","300.32","296.13","63.29M","1.66%"
"02/01/2022","294.83","296.81","297.10","292.82","53.53M","-0.74%"
"01/31/2022","297.02","292.45","297.09","291.25","84.83M","1.25%"
"01/28/2022","293.34","284.44","293.37","281.03","68.01M","3.38%"
"01/27/2022","283.75","290.04","292.66","282.56","66.31M","-1.75%"
"01/26/2022","288.81","295.18","298.80","287.05","64.70M","-1.66%"
"01/25/2022","293.69","291.60","295.75","288.45","71.22M","-0.26%"
"01/24/2022","294.47","291.47","295.09","284.35","80.23M","0.17%"
"01/21/2022","293.96","296.28","297.41","293.23","65.58M","-0.04%"
"01/20/2022","294.08","296.76","301.17","293.81","55.43M","-0.92%"
"01/19/2022","296.80","301.99","303.84","296.76","50.64M","-1.21%"
"01/18/2022","300.44","300.35","301.56","297.75","62.84M","-0.71%"
"01/14/2022","302.59","304.57","304.65","299.19","48.62M","-1.18%"
"01/13/2022","306.20","308.04","308.92","305.74","41.93M","-0.34%"
"01/12/2022","307.26","306.46","309.31","306.40","41.25M","0.29%"
"01/11/2022","306.38","306.36","306.93","302.00","49.49M","-0.16%"
"01/10/2022","306.87","306.48","306.95","302.49","60.77M","-0.59%"
"01/07/2022","308.70","309.29","310.81","307.38","58.71M","-0.55%"
"01/06/2022","310.40","310.38","311.30","306.47","58.23M","0.10%"
"01/05/2022","310.09","319.14","319.14","309.92","64.95M","-3.22%"
"01/04/2022","320.40","322.23","323.99","320.20","56.34M","-0.38%"
"01/03/2022","321.63","325.43","325.43","316.88","51.38M","-0.96%"
"12/31/2021","324.75","324.13","326.97","323.86","32.10M","0.18%"
"12/30/2021","324.18","323.08","325.28","322.65","31.96M","0.36%"
"12/29/2021","323.03","321.34","323.72","320.24","28.52M","0.64%"
"12/28/2021","320.97","319.12","321.17","318.67","31.30M","0.43%"
"12/27/2021","319.60","314.05","319.66","313.65","34.80M","2.04%"
"12/23/2021","313.20","314.66","314.90","311.51","36.50M","-0.36%"
"12/22/2021","314.34","312.23","314.52","312.00","39.18M","0.95%"
"12/21/2021","311.38","311.75","313.19","310.06","51.77M","0.63%"
"12/20/2021","309.42","307.99","310.70","306.32","52.41M","-0.72%"
"12/17/2021","311.65","312.22","315.23","311.21","117.81M","-0.30%"
"12/16/2021","312.59","311.92","314.61","310.72","57.36M","0.40%"
"12/15/2021","311.33","307.57","311.85","307.57","60.74M","1.48%"
"12/14/2021","306.80","309.64","310.21","304.65","57.18M","-1.27%"
"12/13/2021","310.76","305.82","312.16","305.46","53.53M","1.32%"
"12/10/2021","306.72","306.41","307.06","304.99","45.26M","0.51%"
"12/09/2021","305.17","308.35","308.38","305.04","44.98M","-1.36%"
"12/08/2021","309.39","308.16","310.18","307.32","48.98M","0.47%"
"12/07/2021","307.95","304.90","308.49","304.58","61.15M","1.75%"
"12/06/2021","302.66","300.83","305.24","300.66","55.17M","1.38%"
"12/03/2021","298.54","300.66","301.63","295.96","56.07M","-0.41%"
"12/02/2021","299.76","293.60","301.72","293.55","63.22M","2.67%"
"12/01/2021","291.97","299.34","302.28","291.89","72.60M","-1.34%"
"11/30/2021","295.94","299.85","301.49","295.93","115.08M","-2.12%"
"11/29/2021","302.34","300.32","304.39","298.68","58.70M","1.33%"
"11/26/2021","298.36","302.56","303.26","298.11","43.38M","-2.69%"
"11/25/2021","306.61","302.90","307.07","302.03","","0.00%"
"11/24/2021","306.61","302.90","307.07","302.03","35.12M","1.28%"
"11/23/2021","302.74","299.74","303.44","299.23","46.14M","1.10%"
"11/22/2021","299.46","301.26","302.22","298.90","48.70M","-0.50%"
"11/19/2021","300.97","303.37","303.37","300.34","53.21M","-0.56%"
"11/18/2021","302.65","303.19","303.20","301.29","46.84M","0.03%"
"11/17/2021","302.56","299.91","303.05","296.37","54.91M","0.65%"
"11/16/2021","300.62","303.07","303.07","300.13","53.50M","-0.65%"
"11/15/2021","302.58","300.66","302.61","299.87","66.78M","0.48%"
"11/12/2021","301.14","301.73","302.04","300.06","38.82M","0.06%"
"11/11/2021","300.95","301.04","301.04","298.70","33.92M","0.05%"
"11/10/2021","300.81","301.74","303.28","300.80","41.20M","-0.49%"
"11/09/2021","302.29","301.61","302.77","301.39","37.70M","0.36%"
"11/08/2021","301.21","301.99","301.99","298.60","44.47M","-0.02%"
"11/05/2021","301.26","302.73","305.01","300.73","50.29M","0.23%"
"11/04/2021","300.58","303.63","304.25","299.38","54.36M","-1.14%"
"11/03/2021","304.05","302.84","304.58","301.03","54.19M","0.60%"
"11/02/2021","302.23","300.79","303.29","299.50","54.99M","0.94%"
"11/01/2021","299.43","299.27","300.05","294.64","47.70M","0.20%"
"10/29/2021","298.83","300.96","302.18","297.58","108.43M","-1.19%"
"10/28/2021","302.44","298.55","302.44","298.13","53.10M","1.47%"
"10/27/2021","298.07","301.92","301.92","298.06","47.57M","-0.73%"
"10/26/2021","300.25","299.58","301.24","298.93","43.12M","0.46%"
"10/25/2021","298.87","298.03","299.62","296.25","43.50M","0.31%"
"10/22/2021","297.94","296.68","298.65","296.32","39.62M","0.66%"
"10/21/2021","296.00","294.71","296.10","294.09","38.98M","0.36%"
"10/20/2021","294.94","290.94","294.95","290.94","42.85M","1.55%"
"10/19/2021","290.44","291.04","291.77","290.03","39.85M","0.40%"
"10/18/2021","289.29","287.56","290.39","287.29","46.19M","0.22%"
"10/15/2021","288.65","290.45","291.16","286.97","54.59M","0.03%"
"10/14/2021","288.57","286.47","288.90","285.77","47.62M","1.39%"
"10/13/2021","284.60","282.12","284.82","280.48","49.80M","0.55%"
"10/12/2021","283.05","280.21","284.21","279.41","43.65M","1.34%"
"10/11/2021","279.32","278.73","280.43","277.27","33.60M","0.17%"
"10/08/2021","278.84","281.68","281.72","278.47","34.44M","-1.12%"
"10/07/2021","282.00","283.24","285.72","281.61","45.14M","0.15%"
"10/06/2021","281.57","277.51","281.84","274.82","53.20M","0.98%"
"10/05/2021","278.83","280.99","281.11","277.83","49.83M","-0.86%"
"10/04/2021","281.25","280.15","282.27","279.12","51.09M","0.09%"
"10/01/2021","280.99","279.68","282.90","277.69","51.53M","1.04%"
"09/30/2021","278.09","283.64","283.83","278.09","59.03M","-1.60%"
"09/29/2021","282.61","281.69","283.82","281.69","43.10M","0.67%"
"09/28/2021","280.74","280.32","281.97","278.73","58.52M","-0.62%"
"09/27/2021","282.49","286.93","288.64","282.36","54.41M","-1.71%"
"09/24/2021","287.40","290.19","291.25","286.75","49.24M","-1.21%"
"09/23/2021","290.91","293.35","293.83","290.49","52.45M","-0.54%"
"09/22/2021","292.48","291.61","293.91","290.35","50.24M","0.91%"
"09/21/2021","289.83","291.21","293.30","289.75","45.59M","-0.05%"
"09/20/2021","289.97","289.28","291.91","286.50","64.86M","-0.63%"
"09/17/2021","291.80","292.87","294.62","291.45","109.10M","-0.95%"
"09/16/2021","294.59","293.78","295.68","291.96","44.05M","0.16%"
"09/15/2021","294.13","293.54","295.61","292.01","47.54M","0.41%"
"09/14/2021","292.93","294.66","295.31","291.50","40.75M","-0.34%"
"09/13/2021","293.93","294.81","296.52","292.90","48.26M","0.48%"
"09/10/2021","292.52","296.30","296.30","292.42","49.99M","-1.23%"
"09/09/2021","296.17","300.50","300.81","296.15","53.96M","-2.12%"
"09/08/2021","302.58","299.60","303.45","299.25","44.35M","0.55%"
"09/07/2021","300.91","303.37","303.37","298.21","52.33M","-1.13%"
"09/03/2021","304.36","303.27","304.80","300.79","50.29M","0.04%"
"09/02/2021","304.23","303.45","304.25","300.71","49.66M","0.44%"
"09/01/2021","302.91","298.41","303.20","298.15","56.27M","1.69%"
"08/31/2021","297.88","295.39","298.17","294.54","67.20M","0.62%"
"08/30/2021","296.05","292.76","296.22","292.38","50.55M","1.15%"
"08/27/2021","292.67","291.25","293.38","290.83","42.22M","0.87%"
"08/26/2021","290.15","290.06","291.04","289.12","43.12M","0.10%"
"08/25/2021","289.87","290.32","291.45","289.02","47.91M","-0.18%"
"08/24/2021","290.38","293.07","293.07","289.65","47.78M","-0.72%"
"08/23/2021","292.49","294.07","294.47","291.98","40.75M","-0.41%"
"08/20/2021","293.68","291.71","294.90","290.24","48.47M","0.45%"
"08/19/2021","292.35","288.63","292.61","288.18","55.57M","0.93%"
"08/18/2021","289.67","292.10","292.14","289.48","47.45M","-1.08%"
"08/17/2021","292.84","291.00","292.92","290.35","45.84M","0.14%"
"08/16/2021","292.43","291.82","293.53","291.34","41.62M","0.12%"
"08/13/2021","292.08","290.86","292.10","289.90","35.77M","0.68%"
"08/12/2021","290.11","289.81","290.20","288.40","38.35M","0.35%"
"08/11/2021","289.10","288.57","289.72","287.92","46.80M","0.50%"
"08/10/2021","287.67","291.09","291.21","287.49","57.23M","-1.09%"
"08/09/2021","290.84","291.75","291.75","290.11","45.37M","-0.42%"
"08/06/2021","292.06","292.72","293.77","291.51","50.78M","-0.23%"
"08/05/2021","292.74","291.84","292.75","290.17","52.23M","0.83%"
"08/04/2021","290.34","291.19","292.67","289.01","53.24M","-0.35%"
"08/03/2021","291.35","290.51","291.66","289.41","85.56M","0.44%"
"08/02/2021","290.06","291.33","293.19","289.74","47.61M","0.01%"
"07/30/2021","290.04","290.18","293.47","290.00","64.18M","0.32%"
"07/29/2021","289.11","290.32","292.23","288.86","47.83M","-0.23%"
"07/28/2021","289.79","291.58","291.91","289.06","47.54M","-0.63%"
"07/27/2021","291.62","289.19","291.89","288.20","46.93M","0.82%"
"07/26/2021","289.26","288.50","289.47","286.90","46.85M","0.00%"
"07/23/2021","289.26","287.79","289.60","286.90","38.42M","0.88%"
"07/22/2021","286.74","286.76","287.14","285.35","45.63M","-0.69%"
"07/21/2021","288.72","290.07","290.57","288.41","50.60M","-0.35%"
"07/20/2021","289.74","285.62","290.59","285.62","59.50M","1.88%"
"07/19/2021","284.40","286.38","286.98","282.26","80.18M","-1.58%"
"07/16/2021","288.98","289.78","290.99","288.72","51.81M","0.10%"
"07/15/2021","288.68","288.30","289.15","287.74","46.37M","0.14%"
"07/14/2021","288.29","285.78","289.11","285.30","50.70M","0.89%"
"07/13/2021","285.75","288.56","289.17","284.90","51.21M","-1.32%"
"07/12/2021","289.56","287.12","289.90","286.72","47.17M","0.86%"
"07/09/2021","287.10","284.50","287.24","283.58","52.02M","1.32%"
"07/08/2021","283.36","281.83","284.11","281.28","59.22M","-0.08%"
"07/07/2021","283.58","281.99","284.66","280.70","67.73M","0.52%"
"07/06/2021","282.10","279.26","282.39","277.86","67.38M","0.85%"
"07/02/2021","279.72","279.16","280.50","278.36","47.08M","0.52%"
"07/01/2021","278.28","277.26","280.40","276.25","56.66M","0.31%"
"06/30/2021","277.41","279.40","280.91","277.06","60.41M","-0.76%"
"06/29/2021","279.53","279.57","281.44","279.23","48.85M","-0.14%"
"06/28/2021","279.93","280.25","280.25","277.78","59.87M","0.08%"
"06/25/2021","279.71","278.13","279.82","277.47","60.90M","0.64%"
"06/24/2021","277.92","280.03","280.03","276.74","49.66M","-0.45%"
"06/23/2021","279.17","280.13","280.85","278.96","50.37M","-0.36%"
"06/22/2021","280.18","281.50","281.51","280.05","50.22M","-0.44%"
"06/21/2021","281.43","277.27","282.04","276.38","54.45M","1.92%"
"06/18/2021","276.12","279.42","280.40","276.08","120.53M","-1.50%"
"06/17/2021","280.32","278.51","280.52","278.05","60.47M","0.34%"
"06/16/2021","279.37","282.32","283.40","279.28","57.12M","-0.88%"
"06/15/2021","281.86","284.13","284.13","281.78","51.39M","-1.04%"
"06/14/2021","284.81","283.20","284.81","282.83","46.03M","0.42%"
"06/11/2021","283.61","284.35","284.35","282.36","49.32M","-0.59%"
"06/10/2021","285.29","282.68","285.93","281.93","62.00M","0.95%"
"06/09/2021","282.61","283.32","283.74","282.32","46.25M","0.16%"
"06/08/2021","282.16","281.32","283.06","280.92","57.39M","0.51%"
"06/07/2021","280.72","278.70","281.76","278.61","54.26M","0.91%"
"06/04/2021","278.18","278.89","278.97","276.80","53.61M","0.13%"
"06/03/2021","277.83","277.80","278.08","276.11","59.00M","-0.20%"
"06/02/2021","278.40","275.55","278.55","274.51","69.55M","1.41%"
"06/01/2021","274.54","271.16","274.54","270.32","51.99M","1.69%"
"05/28/2021","269.98","269.75","270.92","269.46","48.47M","0.64%"
"05/27/2021","268.25","269.01","269.56","267.97","106.17M","-0.16%"
"05/26/2021","268.68","268.39","270.30","267.70","47.60M","0.23%"
"05/25/2021","268.07","267.64","268.90","266.16","48.68M","0.31%"
"05/24/2021","267.25","265.64","268.39","265.54","51.68M","1.05%"
"05/21/2021","264.46","264.68","265.69","263.90","55.61M","-0.17%"
"05/20/2021","264.92","261.60","265.71","260.87","59.38M","1.34%"
"05/19/2021","261.41","260.41","261.43","258.07","59.04M","-0.42%"
"05/18/2021","262.51","261.63","264.05","260.30","58.36M","0.17%"
"05/17/2021","262.07","261.96","262.68","261.22","46.53M","0.00%"
"05/14/2021","262.08","260.66","262.96","260.03","46.42M","1.01%"
"05/13/2021","259.46","256.85","261.00","256.78","57.18M","1.18%"
"05/12/2021","256.44","261.70","262.24","256.17","57.97M","-2.37%"
"05/11/2021","262.66","263.37","263.42","260.38","56.88M","-1.11%"
"05/10/2021","265.62","265.86","268.12","265.21","62.45M","0.35%"
"05/07/2021","264.70","261.63","264.84","261.63","61.55M","1.21%"
"05/06/2021","261.54","260.19","261.89","259.48","66.47M","0.53%"
"05/05/2021","260.15","262.73","263.02","259.22","54.32M","-1.52%"
"05/04/2021","264.16","265.86","266.76","262.63","62.20M","-0.61%"
"05/03/2021","265.78","267.44","267.51","265.44","65.86M","-0.48%"
"04/30/2021","267.06","264.96","267.53","264.38","73.22M","0.62%"
"04/29/2021","265.42","264.96","266.16","263.67","63.20M","0.68%"
"04/28/2021","263.62","264.84","265.49","263.47","57.93M","-0.34%"
"04/27/2021","264.52","265.07","265.35","264.01","53.81M","-0.02%"
"04/26/2021","264.58","265.24","266.00","263.89","47.93M","0.20%"
"04/23/2021","264.05","263.09","264.69","262.34","49.65M","0.58%"
"04/22/2021","262.52","262.95","264.76","262.15","54.48M","-0.38%"
"04/21/2021","263.51","262.99","264.10","262.14","51.63M","0.40%"
"04/20/2021","262.45","258.85","263.14","258.85","60.94M","1.12%"
"04/19/2021","259.54","258.95","259.58","257.26","49.82M","0.29%"
"04/16/2021","258.78","259.40","259.58","258.07","58.04M","0.17%"
"04/15/2021","258.34","254.54","258.38","254.54","60.25M","1.95%"
"04/14/2021","253.39","254.88","256.31","253.25","42.71M","-0.69%"
"04/13/2021","255.16","253.43","255.36","253.13","53.88M","0.63%"
"04/12/2021","253.55","252.73","253.59","250.54","51.97M","0.55%"
"04/09/2021","252.17","252.16","252.60","251.15","48.35M","0.14%"
"04/08/2021","251.81","253.07","254.49","251.67","50.11M","-0.56%"
"04/07/2021","253.24","253.28","253.89","251.02","54.03M","0.15%"
"04/06/2021","252.87","251.86","252.89","250.82","60.60M","0.18%"
"04/05/2021","252.42","251.74","252.52","249.97","56.36M","0.61%"
"04/01/2021","250.90","248.38","251.04","247.11","53.76M","1.58%"
"03/31/2021","247.00","247.03","249.64","245.78","68.53M","-0.49%"
"03/30/2021","248.21","248.50","249.21","247.62","44.19M","-0.49%"
"03/29/2021","249.43","248.75","250.55","246.43","51.07M","-0.18%"
"03/26/2021","249.87","245.03","250.06","244.59","51.24M","2.47%"
"03/25/2021","243.85","241.60","244.32","239.50","57.98M","0.79%"
"03/24/2021","241.95","242.32","244.43","241.25","62.97M","-0.53%"
"03/23/2021","243.24","242.24","244.78","241.96","63.94M","0.35%"
"03/22/2021","242.40","239.62","243.07","239.03","54.11M","1.11%"
"03/19/2021","239.73","242.58","243.80","239.72","121.27M","-1.26%"
"03/18/2021","242.80","242.91","243.59","241.14","56.31M","-0.74%"
"03/17/2021","244.60","244.29","244.76","242.41","61.38M","-0.16%"
"03/16/2021","244.99","245.43","246.10","243.86","60.51M","-0.02%"
"03/15/2021","245.04","242.18","245.60","241.01","65.83M","1.18%"
"03/12/2021","242.19","238.01","242.25","238.01","68.17M","1.50%"
"03/11/2021","238.60","235.43","240.29","235.42","66.84M","1.50%"
"03/10/2021","235.07","233.41","236.45","232.67","61.45M","0.99%"
"03/09/2021","232.77","231.76","234.41","231.76","67.03M","1.06%"
"03/08/2021","230.32","229.86","233.05","228.14","66.41M","0.53%"
"03/05/2021","229.11","228.10","230.11","223.24","71.56M","1.15%"
"03/04/2021","226.50","228.76","230.83","224.29","82.66M","-0.77%"
"03/03/2021","228.26","230.85","231.04","227.94","74.71M","-1.17%"
"03/02/2021","230.96","232.59","232.59","229.21","72.68M","-0.71%"
"03/01/2021","232.62","235.05","236.43","232.52","68.23M","0.15%"
"02/26/2021","232.26","236.84","236.90","232.25","88.54M","-1.82%"
"02/25/2021","236.56","239.84","241.95","234.87","77.77M","-1.59%"
"02/24/2021","240.38","239.07","241.14","238.36","75.10M","0.55%"
"02/23/2021","239.06","239.35","240.42","238.31","77.96M","0.31%"
"02/22/2021","238.31","236.46","239.29","235.78","84.82M","0.54%"
"02/19/2021","237.03","237.23","238.72","236.49","77.72M","0.24%"
"02/18/2021","236.47","235.67","236.69","235.41","54.19M","-0.03%"
"02/17/2021","236.53","235.85","236.86","234.86","55.68M","0.08%"
"02/16/2021","236.33","239.44","239.44","235.17","71.60M","-1.07%"
"02/12/2021","238.88","238.21","239.49","236.83","55.84M","-0.06%"
"02/11/2021","239.02","239.38","240.40","237.71","65.82M","-0.11%"
"02/10/2021","239.29","239.26","240.98","238.13","59.95M","0.60%"
"02/09/2021","237.87","237.83","238.52","236.53","50.30M","0.47%"
"02/08/2021","236.75","236.17","236.77","234.70","52.76M","0.22%"
"02/05/2021","236.22","236.14","236.57","235.19","46.75M","0.34%"
"02/04/2021","235.41","234.39","236.85","233.99","71.58M","0.50%"
"02/03/2021","234.25","233.79","234.96","231.06","66.12M","-0.37%"
"02/02/2021","235.13","235.10","236.20","233.63","58.41M","0.41%"
"02/01/2021","234.17","230.03","234.17","227.58","64.89M","2.27%"
"01/29/2021","228.98","229.40","232.19","227.54","100.50M","-1.02%"
"01/28/2021","231.34","230.09","234.11","229.30","85.49M","0.32%"
"01/27/2021","230.60","232.73","234.61","229.26","103.70M","-1.39%"
"01/26/2021","233.85","231.66","234.36","231.35","66.14M","1.14%"
"01/25/2021","231.22","229.55","232.71","228.37","80.37M","0.82%"
"01/22/2021","229.33","228.10","229.87","227.48","62.46M","0.31%"
"01/21/2021","228.63","228.56","228.96","226.59","56.97M","-0.34%"
"01/20/2021","229.41","224.76","230.40","224.31","66.35M","1.97%"
"01/19/2021","224.97","227.39","227.49","224.42","59.84M","-0.54%"
"01/15/2021","226.20","222.85","226.70","222.05","65.95M","1.46%"
"01/14/2021","222.94","222.48","224.36","221.12","71.14M","0.62%"
"01/13/2021","221.56","219.00","221.93","219.00","59.51M","1.39%"
"01/12/2021","218.53","217.86","218.76","215.81","68.32M","0.06%"
"01/11/2021","218.40","221.09","221.81","217.75","61.47M","-1.66%"
"01/08/2021","222.08","220.33","222.76","220.14","54.68M","1.09%"
"01/07/2021","219.69","219.07","220.45","218.26","71.53M","0.31%"
"01/06/2021","219.02","220.18","220.42","218.04","83.46M","-0.54%"
"01/05/2021","220.22","220.84","222.25","220.02","66.49M","-0.08%"
"01/04/2021","220.40","228.39","228.65","220.33","79.47M","-3.29%"